payment_id;amount;card_num;cvv;card_name;order_num
5494563;20,08;3567272977405459;790;Collette Latey;549910
2142458;14,89;5602238147251638;518;Jeane Tupper;242035
1437922;22,68;5020042758402975;345;Ricoriki Dyte;387376
6973785;15,07;3529424030911398;730;Avrom Gofford;537591
4319683;20,88;3564946431726815;342;Thelma Morsley;251526
1242237;8;4917503959340529;155;Lanie Kidby;156443
4759570;11,67;5641821698178525;593;Bartel Firsby;902359
6330239;13,78;3548040181608752;335;Bobbette Nowakowski;698192
6166675;4;3558217624581328;751;Lesly Goodyer;427514
1244310;21,48;3537058725686731;361;Ethel Gertz;914508
7222515;6,54;5002351089744001;118;Harrie Christopherson;422234
7283950;9,85;3542760617507510;301;Nannette Raft;652603
6614037;12,23;3542402190456597;263;Wildon Bowdler;345629
9405492;11,09;5487827562809670;740;Barton Goose;626747
4091113;17,04;5602257707557358;486;Bertha Feechan;731058
3133132;21,24;3568510660503679;424;Lincoln Sennett;435967
5309765;11,74;5602256544382632;524;Alex MacMenamy;307812
3973000;15,14;3561331228600098;330;Brittany Fenna;136644
9279238;13;337941653313188;517;Lena Gilffilland;605832
6825038;17,55;3588565836172367;633;Rhiamon Fackney;167502
8154447;36,23;201886548881795;184;Selinda Greenside;416553
5828711;6,86;3547477028953218;912;Sigvard Currum;916598
3951009;11,7;5602241512062911;835;Barny Godspeede;678814
8613897;23,06;30415283354128;890;Mavis Brydone;151100
7881958;22,74;3552247495579412;664;Dorotea Moyce;511014
4824299;11,09;3571752740072656;233;Dionisio Mandres;541830
7994506;20,74;3574284322875972;348;Karisa Blindermann;578265
